<?xml version="1.0" encoding="UTF-8"?>

<cancion duracion="4:47" anio="2008">
    <titulo>Give it 2 me</titulo>
    <compositores>
        <compositor>
            <nombres>Pharrell</nombres>
            <apellidos>Williams</apellidos>
        </compositor>
    </compositores>
    <productores>
        <productor>
            <nombres>Pharrell</nombres>
            <apellidos>Williams</apellidos>
        </productor>
    </productores>
    <sello>Warner Bros Records</sello>
    <artista>Madonna</artista>
</cancion>