<?xml version="1.0" encoding="UTF-8"?>

<futbol>
    <equipo>
        <nombre>Real Madrid</nombre>
        <ciudad>Madrid</ciudad>
        <entrenador>Carles Anchelotti</entrenador>
        <jugador posicion="portero">
            <nombre>Kylian Mbappe</nombre>
            <nacionalidad>Francia</nacionalidad>
        </jugador>
        <jugador posicion="defensa">
            <nombre>Vinius Junior</nombre>
            <nacionalidad>Brasil</nacionalidad>
        </jugador>
    </equipo>
    <equipo>
        <nombre>FC Barcelona</nombre>
        <ciudad>Barcelona</ciudad>
        <entrenador>Hansi Flick</entrenador>
        <jugador posicion="medio">
            <nombre>Lamine Yamal</nombre>
            <nacionalidad>Español</nacionalidad>
        </jugador>
        <jugador posicion="delantero">
            <nombre>Alejandro Balde</nombre>
            <nacionalidad>Español</nacionalidad>
        </jugador>
    </equipo>
</futbol>