<?xml version="1.0" encoding="UTF-8"?>
<Ebooks>
    <Ebook>
        <Titulo>Lenguaje de Marcas</Titulo>
        <Autores>
            <Autor>Alex Tolon</Autor>
        </Autores>
        <Modulo>LMSGI</Modulo>
        <Licencia>CC3.0</Licencia>
        <FechaPublicacion>2011-09-15</FechaPublicacion>
        <ISBN>978929212456</ISBN>
        <Lecciones>
            <Leccion>
                <Parrafos>
                    <Parrafo>Contenido del primer párrafo.</Parrafo>
                    <Parrafo>Contenido del segundo párrafo.</Parrafo>
                </Parrafos>
                <Imagen>imagen1.jpg</Imagen>
                <Autoevaluaciones>
                    <Autoevaluacion>Pregunta 1</Autoevaluacion>
                    <Autoevaluacion>Pregunta 2</Autoevaluacion>
                </Autoevaluaciones>
                <Ejercicio>Ejercicio 1</Ejercicio>
            </Leccion>
            <Leccion>
                <Parrafos>
                    <Parrafo>Contenido del primer párrafo.</Parrafo>
                    <Parrafo>Contenido del segundo párrafo.</Parrafo>
                    <Parrafo>Contenido del tercer párrafo.</Parrafo>
                </Parrafos>
                <Animacion>animacion1.swf</Animacion>
                <Autoevaluaciones>
                    <Autoevaluacion>Pregunta 1</Autoevaluacion>
                </Autoevaluaciones>
                <Ejercicio>Ejercicio 1</Ejercicio>
            </Leccion>
        </Lecciones>
    </Ebook>
    
    <Ebook>
        <Titulo>Empresa e Iniciativa Emprendedora</Titulo>
        <Autores>
            <Autor>Miguel Ángel Sánchez</Autor>
            <Autor>Xabier Epelde</Autor>
        </Autores>
        <Modulo>EIE</Modulo>
        <Licencia>Public Domain</Licencia>
        <FechaPublicacion>2010-06-25</FechaPublicacion>
        <ISBN>978439288416</ISBN>
        <Lecciones>
            <Leccion>
                <Parrafos>
                    <Parrafo>Contenido del primer párrafo.</Parrafo>
                    <Parrafo>Contenido del segundo párrafo.</Parrafo>
                    <Parrafo>Contenido del tercer párrafo.</Parrafo>
                </Parrafos>
                <Animaciones>
                    <Animacion>animacion1.swf</Animacion>
                    <Animacion>animacion2.swf</Animacion>
                </Animaciones>
                <Autoevaluaciones>
                    <Autoevaluacion>Pregunta 1</Autoevaluacion>
                </Autoevaluaciones>
                <Ejercicios>
                    <Ejercicio>Ejercicio 1</Ejercicio>
                    <Ejercicio>Ejercicio 2</Ejercicio>
                </Ejercicios>
            </Leccion>
        </Lecciones>
    </Ebook>
</Ebooks>