<?xml version="1.0" encoding="UTF-8"?>

<!-- EJERCICIO 1 -->

<cancion duracion="3:40" año="1979">
    <titulo>Rock with you</titulo>
    <compositores>
        <compositor>
            <nombre>Rod</nombre>
            <apellidos>Temperton</apellidos>
        </compositor>
    </compositores>
    <productores>
        <productor>
            <nombre>Quncy</nombre>
            <apellidos>Jones</apellidos>
        </productor>
    </productores>
    <discografia>Epic</discografia>
    <artistas>
        <artista>Michael Jackson</artista>
    </artistas>
</cancion>